{
  "version": 1,
  "author": "Shashwat Shukla",
  "editor": "wokwi",
  "parts": [
    { "type": "board-esp32-devkit-c-v4", "id": "esp", "top": 115.2, "left": -110.36, "attrs": {} },
    {
      "type": "wokwi-membrane-keypad",
      "id": "keypad1",
      "top": -203.6,
      "left": -13.6,
      "attrs": {}
    }
  ],
  "connections": [
    [ "esp:TX", "$serialMonitor:RX", "", [] ],
    [ "esp:RX", "$serialMonitor:TX", "", [] ],
    [ "keypad1:R1", "esp:19", "#8f4814", [ "v0" ] ],
    [ "keypad1:R2", "esp:18", "red", [ "v86.4", "h-0.4" ] ],
    [ "keypad1:R3", "esp:5", "gold", [ "v0" ] ],
    [ "esp:17", "keypad1:R4", "green", [ "h0" ] ],
    [ "keypad1:C1", "esp:16", "blue", [ "v0" ] ],
    [ "keypad1:C2", "esp:4", "violet", [ "v0" ] ],
    [ "keypad1:C3", "esp:2", "gray", [ "v0" ] ],
    [ "keypad1:C4", "esp:15", "white", [ "v0" ] ]
  ],
  "dependencies": {}
}